<?xml version="1.0" encoding="UTF-8" standalone="yes"?>

<dir>
    <title>[COLORred]*Authorize* Your Trakt Here[/COLOR]</title>
    <trakt>https://api.trakt.tv/users/me/lists/</trakt>
    <thumbnail>https://francisuniverse.files.wordpress.com/2017/07/trakttvthumbmail.png?w=1200</thumbnail>
    <fanart>https://i.imgur.com/zEaS69Ol.png</fanart>
</dir>

    <dir>
      <title>[COLORwhite]Trending Movies[/COLOR]</title>
      <trakt>https://api.trakt.tv/movies/trending</trakt>
    </dir>

    <dir>
      <title>[COLORwhite]Popular Movies[/COLOR]</title>
      <trakt>https://api.trakt.tv/movies/popular</trakt>
    </dir>

    <dir>
      <title>[COLORwhite]Movie Watchlist[/COLOR]</title>
      <trakt>https://api.trakt.tv/sync/watchlist/movies</trakt>
    </dir>

    <dir>
      <title>[COLORwhite]Movie Collection[/COLOR]</title>
      <trakt>https://api.trakt.tv/sync/collection/movies</trakt>
    </dir>

    <dir>
      <title>[COLORwhite]Trending Shows[/COLOR]</title>
      <trakt>https://api.trakt.tv/shows/trending</trakt>
    </dir>

    <dir>
      <title>[COLORwhite]Popular Shows[/COLOR]</title>
      <trakt>https://api.trakt.tv/shows/popular</trakt>
    </dir>
	
    <dir>
      <title>[COLORwhite]TV Watchlist[/COLOR]</title>
      <trakt>https://api.trakt.tv/sync/watchlist/shows</trakt>
    </dir>

    <dir>
      <title>[COLORwhite]TV Collection[/COLOR]</title>
      <trakt>https://api.trakt.tv/sync/collection/shows</trakt>
    </dir>
	
    <dir>
      <title>[COLORwhite]My lists[/COLOR]</title>
      <trakt>https://api.trakt.tv/users/me/lists/</trakt>
    </dir>

    <dir>
      <title>[COLORwhite]My Liked Lists[/COLOR]</title>
      <trakt>https://api.trakt.tv/users/likes/lists</trakt>
    </dir>

    <dir>
      <title>[COLORwhite]Search Trakt[/COLOR]</title>
      <trakt>search</trakt>
    </dir>