<?xml version="1.0" encoding="UTF-8" standalone="yes"?>
<addon id="plugin.video.corona" version="1.1" name="[B][COLOR yellow]CORONA[/COLOR][/B]" provider-name="[B][COLOR yellow]SANDMAN[/COLOR][/B]">
    <requires>
        <import addon="xbmc.python" version="2.19.0"/>
        <import addon="script.corona.artwork" version="1.0"/>
        <import addon="script.module.resolveurl" />
        <import addon="script.module.metahandler" version="2.9.0"/>
        <import addon="script.module.requests" version="2.12.4"/>
        <import addon="script.module.beautifulsoup" version="3.2.1"/>
        <import addon="script.module.schism.common" version="2017.06.08"/>
        <import addon="script.module.futures" version="2.2.0"/>
        <import addon="script.module.universalscrapers" version="1.0.0"/>
    </requires>
    <extension point="xbmc.python.pluginsource" library="corona.py">
        <provides>video</provides>
    </extension>
    <extension point="xbmc.addon.metadata">
        <summary lang="en">[COLOR yellow]MOVIE AND TV SHOW ADD-ON[/COLOR]</summary>
        <description lang="en"></description>
        <disclaimer lang="en"></disclaimer>
        <platform>all</platform>
        <news>[COLOR yellow]CORONA-v1.0[/COLOR]</news>
        <assets>
            <icon>icon.gif</icon>
            <fanart>fanart.jpg</fanart>
        </assets>
    </extension>
</addon>
