﻿<?xml version="1.0" encoding="UTF-8" standalone="yes"?>
<addon id="plugin.video.pldiablo" name="פלייליסט דיאבלו" version="1.3" provider-name="diablo">
  <requires>
    <import addon="xbmc.python" version="2.1.0"/>
    <import addon="plugin.video.youtube"/>
  </requires>
  <extension point="xbmc.python.pluginsource" library="addon.py">
    <provides>video</provides>
  </extension>
  <extension point="xbmc.addon.metadata">
    <language>en</language>
    <summary lang="en">קרדיט דיאבלו פרוגקט</summary>
    <description lang="en">pldiablo</description>
    <disclaimer lang="en">diablo</disclaimer>
    <platform>all</platform>
  </extension>
</addon>