<?xml version="1.0" encoding="UTF-8" standalone="yes"?>
<addon id="plugin.video.seedr"
    name="Seedr.cc"
    version="0.0.11"
    provider-name="Seedr Official">
    <requires>
        <import addon="xbmc.python" version="2.14.0" />
        <import addon="script.module.simplejson" version="3.3.0" />
        <import addon="script.module.requests" version="1.1.0" />
    </requires>
    <extension point="xbmc.python.pluginsource" library="addon.py">
        <provides>video</provides>
    </extension>
    <extension point="xbmc.addon.metadata">
        <platform>all</platform>
        <summary lang="en">Seedr Cloud Torrents for Kodi</summary>
        <description lang="en">Stream torrents from the cloud with Seedr ! www.seedr.cc</description>
        <language>en</language>
    </extension>
</addon>
