<?xml version="1.0" encoding="UTF-8" standalone="yes"?>
<addon id="plugin.video.rd"
       name="Authorize RD"
       version="1.0.5"
       provider-name="Rogue">
<requires>
    <import addon="xbmc.python" version="2.1.0"/>
    <import addon="script.module.beautifulsoup" version="3.2.1"/>
    <import addon="script.module.beautifulsoup4" />
    <import addon="script.module.requests" />
    <import addon="script.module.simplejson" /> 
  </requires>
  <extension point="xbmc.python.pluginsource" library="default.py">
    <provides>video</provides>
  </extension>
  <extension point="xbmc.addon.metadata">
    <summary lang="en">[COLOR blue]AddOn To Authorize Real DeBrid[/COLOR]</summary>
    <description lang="en">[COLOR blue]AddOn To Authorize Real DeBrid[/COLOR]</description>
    <platform>all</platform>
  </extension>
</addon>
