﻿<?xml version="1.0" encoding="UTF-8" standalone="yes"?>
<addon id="plugin.video.focus" version="1.0.3.0" name="[B][COLORmaroon]FOCUS[/COLOR][/B]" provider-name="[B][COLORgold]BBB[/COLOR][/B]">
	<requires>
		<import addon="xbmc.python" version="2.19.0" />
		<import addon="script.focus.artwork" />
		<import addon="script.focus.metadata" />
                <import addon="script.module.resolveurl"/>
                <import addon="script.module.metahandler"/>
                <import addon="script.module.requests"/>
                <import addon="script.module.beautifulsoup"/>
                <import addon="script.module.schism.common"/>
                <import addon="script.module.futures"/>
        		<import addon="script.module.universalscrapers" version="1.0.0" />
	</requires>
	<extension point="xbmc.python.pluginsource" library="focus.py">
		<provides>video</provides>
	</extension>
	<extension point="xbmc.service" library="service.py" start="startup" />
	<extension point="xbmc.addon.metadata">
		<summary lang="en">FOCUS</summary>
		<description lang="en"></description>
        <disclaimer lang="en"></disclaimer>
		<platform>all</platform>
		<license></license>
		<platform>all</platform>
		<forum></forum>
		<website></website>
		<source></source>
		<assets>
			<icon>icon.png</icon>
			<fanart>fanart.jpg</fanart>
		</assets>
		<news></news>
	</extension>
</addon>