<?xml version="1.0" encoding="UTF-8"?>
<addon id="plugin.video.thegridyoutube" version="3.1.0" name="[COLOR red]TheGrid Tutorial:[/COLOR][COLOR snow]Youtube[/COLOR]" provider-name="DGSProductions">
  <requires>
    <import addon="xbmc.python" version="2.1.0"/>
    <import addon="script.module.addon.common" version="2.0.0"/>
    <import addon="plugin.video.youtube" version="5.0.0"/>
  </requires>
  <extension point="xbmc.python.pluginsource" library="default.py">
    <provides>video</provides>
  </extension>
  <extension point="xbmc.addon.metadata">
    <summary>TheGrid Tutorial for Kodi: Youtube Addon</summary>
    <description>Welcome to DGSProduction: TheGrid Youtube channel addon where you will find guides on the How To's along with other cool tips and tricks</description>
    <platform>all</platform>
  </extension>
</addon>