<?xml version="1.0" encoding="UTF-8" standalone="yes"?>
<addon id="plugin.video.Karaokeil" name="[COLOR lime]Karaokeil[/COLOR]" version="1.0.0" provider-name="DNA">
  <requires>
    <import addon="xbmc.python" version="2.1.0"/>
    <import addon="script.module.addon.common" version="2.0.0"/>
    <import addon="plugin.video.youtube" version="5.0.0"/>
  </requires>
  <extension point="xbmc.python.pluginsource" library="default.py">
    <provides>video</provides>
  </extension>
  <extension point="xbmc.addon.metadata">
    <summary lang="en">This plugin let you watch/sing karaoke.YOUTUBE</summary>
    <description lang="en">This plugin let you watch/sing karaoke.YOUTUBE.holymankodi@gmail.com</description>
    <platform>all</platform>
    <forum>n/a</forum>
    <website>n/a</website>
  </extension>
</addon>
