<?xml version="1.1" encoding="UTF-8" standalone="yes"?>
<addon id="plugin.video.AFTERMATHTV"
       name="[B][COLOR red]AFTERMATH TV[/COLOR][/B]"
       version="4.5"
       provider-name="[B][COLOR red]SANDMAN[/COLOR] [COLOR grey]MEDIA[/COLOR][/B]">
  <requires>
    <import addon="xbmc.python" version="2.1.0"/>
	<import addon="script.module.requests" />
  </requires>
  <extension point="xbmc.python.pluginsource"
            library="default.py">
        <provides>video</provides>
  </extension>
  <extension point="xbmc.addon.metadata">
    <summary lang="en">[COLOR grey]AFTERMATH TV-Excellent quality and very stable!!! Shout out to MAYHEM for doing the artwork![/COLOR]</summary>
    <language>en</language>
    <description lang="en"></description>
     <platform>all</platform>
  </extension>
</addon>
 