<?xml version="1.0" encoding="UTF-8" standalone="yes"?>
<addon id="plugin.video.tivustream18"
	   name="IPTV TivuStream 18+"
	   version="1.0.0"
	   provider-name="pcd">
    <requires>
        <import addon="xbmc.python" version="2.1.0"/>
    </requires>
	   
  <extension point="xbmc.python.pluginsource"
			 library="default.py">
    	<provides>video</provides>
  </extension>
  <extension point="xbmc.addon.metadata">
    <summary>Based on plugin TivuStream XXX links</summary>
    <description>Thanks @pcd</description>
    <platform>all</platform>
  </extension>
</addon>