<?xml version="1.0" encoding="UTF-8" standalone="yes"?>
<addon id="plugin.video.thegridnomanmovies"
       name="[COLOR red]TheGrid:[/COLOR] [COLOR snow]Noman Movies[/COLOR]"
       version="2.2.6"
       provider-name="DGSProduction Kodi">
  <requires>
    <import addon="xbmc.python" version="2.1.0"/>
    <import addon="script.module.t0mm0.common" version="2.0.0"/>
    <import addon="script.module.beautifulsoup" version="3.2.1"/>
    <import addon="script.module.simple.downloader" version="0.9.4"/>
    <import addon="script.module.beautifulsoup4" />
    <import addon="script.module.simple.downloader" version="0.9.4"/>
    <import addon="script.module.requests" />
    <import addon="script.module.httplib2" />
    <import addon="script.module.youtube.dl" optional="true"/>
    <import addon="plugin.video.youtube" version="3.0.0"/>
    <import addon="script.module.urlresolver" optional="true"/>
    <import addon="script.module.resolveurl" version="5.0.00"/>
    <import addon="script.module.simplejson" /> 
    <import addon="script.common.plugin.cache" version="2.5.2"/>
    <import addon="script.module.metahandler" version="2.5.1"/>
    <import addon="script.module.python.koding.aio" version="0.9.6.6"/>
    <import addon="script.module.web-pdb" version="1.0"/>

  </requires>
  <extension point="xbmc.python.pluginsource" library="default.py">
    <provides>video</provides>
  </extension>
  <extension point="xbmc.addon.metadata">
    <summary lang="en">DGSProduction Kodi</summary>
    <description lang="en">TheGrid: Noman Movies addon with various titles catogorized, Request will be taken on my facebook group by leaving a comment on what you'd like added to the list. Also if you come across a dead link let me know ASAP as i will have it fixed immediately. Thank You! for your support in making this a wonderful addon.  
      For help and support ... Please visit our group on Facebook!  https://www.facebook.com/groups/DGSProduction/</description>
      <disclaimer lang="en">The author of this addon do not host any of the content which is found and have no affiliation with any of the content providers. This addon simply searches websites for content. Use at your own risk!</disclaimer>
    <platform>all</platform>
  </extension>
</addon>
