<?xml version="1.0" encoding="UTF-8" standalone="yes"?>
<addon id="plugin.video.stealth"
       name="stealth"
       version="1.7.2"
       provider-name="@ndy builds">
  <requires>
    <import addon="xbmc.python" version="2.1.0"/>
	<import addon="script.module.t0mm0.common" version="2.0.0"/>
    <import addon="script.module.beautifulsoup" version="3.2.1"/>
    <import addon="script.module.simple.downloader" version="0.9.4"/>
    <import addon="script.module.beautifulsoup4" />
    <import addon="script.module.simple.downloader" version="0.9.4"/>
    <import addon="script.module.requests" />
    <import addon="script.module.httplib2" />
    <import addon="script.module.youtube.dl" optional="true"/>
    <import addon="plugin.video.youtube" version="3.0.0"/>
    <import addon="script.module.urlresolver"/>
    <import addon="script.module.simplejson" /> 
    <import addon="script.common.plugin.cache" version="2.5.2"/>
    <import addon="script.module.metahandler" version="2.5.1"/>

  </requires>
  <extension point="xbmc.python.pluginsource" library="default.py">
    <provides>audio video</provides>
  </extension>
  <extension point="xbmc.addon.metadata">
    <summary lang="en">stealth rebranded video addon</summary>
    <description lang="en">Stealth by @  does not host, store, or distribute any of the videos listed in the addon and only links to content that is freely available on the Internet.Stealth is not responsible for any of the content that is linked to from the website. If you find fault with any of the content located on third party servers/sites, please contact them for resolution.</description>
    <platform>all</platform>
  </extension>
</addon>
