<?xml version="1.0" encoding="UTF-8" standalone="yes"?>
<addon id="plugin.video.predator" version="1.0.0" name="Predator" provider-name="Predator">
	<requires>
		<import addon="xbmc.python" version="2.19.0" />
		<import addon="script.module.predator" />
		<import addon="script.predator.artwork" version="1.0.0" />
		<import addon="script.predator.metadata" version="1.0.0" />
		<import addon="script.module.resolveurl" version="5.0.0" />
		<import addon="script.module.requests" />
		<import addon="script.module.metahandler" version="1.0.0" />
	</requires>
	<extension point="xbmc.python.pluginsource" library="predator.py">
		<provides>video</provides>
	</extension>
	<extension point="xbmc.service" library="service.py" start="startup" />
	<extension point="xbmc.addon.metadata">
		<summary lang="en">Predator</summary>
		<description lang="en">Respect to all devs</description>
		<disclaimer lang="en">The author does not host or distribute any of the content displayed by this addon. The author does not have any affiliation with the content provider.</disclaimer>
		<description lang="de">Bitte besuche [COLOR blue]www.tvaddons.co[/COLOR] für Unterstützung und Fragen zu Predator! Beachte dabei, dass Predator nicht offizieller Teil des Media Players ist den du gerade verwendest und daher nicht von dem offiziellen Support-Kanäle abgedeckt wird, dieses Addon hat nichts zu tun mit dem Media-Player selbst, noch ist es dafür beabsichtigt, es handelt sich hierbei lediglich um ein Drittanbieter-Anwendung die dem System hinzugefügt wurde.</description>
		<disclaimer lang="de">Die von diesem Addon dargestellten Inhalte werden von den Erstellern des Addons weder gehostet oder verbreitet, noch stehen die Ersteller in irgendeiner Beziehung zu den Content-Anbietern.</disclaimer>
		<description lang="fr">SVP visitez [COLOR blue]www.tvaddons.co[/COLOR] pour avoir de l'aide sur Predator. Prenez note qu'Predator n'est pas une partie intégrante de votre outil de visionnement multimedia et SVP ne le mentionnez pas dans les media sociaux officiels, cet addiciel n'a rien a voir avec votre lecteur multimedia lui même, c'est simplement un addiciel qui a été ajouté à votre système.</description>
		<disclaimer lang="fr">L'auteur n'héberge pas ou ne distribue pas le contenu qui vous est affiché avec cet addiciel. L'auteur n'a pas d'alliance avec les distributeurs de contenu.</disclaimer>
		<platform>all</platform>
		<license>GNU GENERAL PUBLIC LICENSE. Version 3, 29 June 2007</license>
		<forum>https://www.tvaddons.co/forums/</forum>
		<website>https://www.tvaddons.co/</website>
		<assets>
			<icon>icon.png</icon>
			<fanart>fanart.jpg</fanart>
    			<screenshot>resources/screenshots/screenshot-01.jpg</screenshot>
    			<screenshot>resources/screenshots/screenshot-02.jpg</screenshot>
    			<screenshot>resources/screenshots/screenshot-03.jpg</screenshot>
		</assets>
		<news></news>
	</extension>
</addon>
