<?xml version="1.1" encoding="UTF-8" standalone="yes"?>
<addon id="plugin.video.sublime"
       name="Sublime IPTV"
       version="1.0"
       provider-name="Sublime IPTV">
  <requires>
    <import addon="xbmc.python" version="2.1.0"/>
	<import addon="script.module.requests" />
  </requires>
  <extension point="xbmc.python.pluginsource"
            library="default.py">
        <provides>video</provides>
  </extension>
  <extension point="xbmc.addon.metadata">
    <summary lang="en">Sublime IPTV, Best in the business</summary>
    <language>en</language>
    <description lang="en">@sublimestreamin on twitter</description>
     <platform>all</platform>
  </extension>
</addon>
