﻿<?xml version="1.0" encoding="UTF-8" standalone="yes"?>

<addon id="plugin.video.rico" name="[B][COLOR orangered]RICOCHET[/COLOR][/B]" version="1.0.1.6" provider-name="[B][COLOR black]HELLBOY[/COLOR][/B]">
    <requires>
        <import addon="xbmc.python" version="2.19.0" />
        <import addon="script.module.universalscrapers" version="1.0.0" />
        <import addon="script.module.python.koding.aio" version="0.9.6.6" />
        <import addon="script.module.beautifulsoup" version="3.2.1" />
        <import addon="script.module.requests" version="2.9.1" />
        <import addon="script.module.addon.common" version="2.0.0" />
        <import addon="script.module.xmltodict" version="0.9.0" />
        <import addon="script.module.dateutil" />
        <import addon="plugin.video.SportsDevil" version="2018.06.23" />
        <import addon="plugin.video.youtube" version="6.1.4" />
        <!--<import addon="script.module.web-pdb" version="1.0"/>-->
        <import addon="script.module.resolveurl" version="5.0.10" />
        <!--<import addon="script.module.urlresolver" version="2.10.0" />-->
    </requires>
    <extension point="xbmc.python.pluginsource" library="default.py">
        <provides>audio video</provides>
    </extension>
    <extension point="xbmc.service" library="service.py" start="[login|startup]" />
    <extension point="xbmc.addon.metadata">
      <summary lang="en">[COLOR black]MOVIES-TV SHOWS - SHOUT OUT TO MAYHEM FOR THIS ADDON AND NEW ART WORK!![/COLOR]</summary>
	  <description lang="en"></description>
	  <disclaimer lang="en">The author of this addon do not host any of the content which is found and have no affiliation with any of the content providers. This addon simply searches websites for content. Use at your own risk!</disclaimer>
      <platform>all</platform>
        <website></website>
        <video_guide></video_guide>
    </extension>
</addon>
