<?xml version="1.0" encoding="UTF-8" standalone="yes"?>
<addon id="plugin.video.numbers" version="1.1.36" name="[COLOR blue][B]Numbers[/B][/COLOR]" provider-name="[COLOR blue][B]Numbers[/B][/COLOR]">
	<requires>
		<import addon="xbmc.python" version="2.19.0" />
		<import addon="script.module.numbers" />
		<import addon="script.numbers.artwork" version="1.0.0" />
		<import addon="script.numbers.metadata" version="1.0.0" />
		<import addon="script.module.urlresolver" version="3.0.0" />
		<import addon="script.module.requests" />
		<import addon="script.module.metahandler" version="1.0.0" />
	</requires>
	<extension point="xbmc.python.pluginsource" library="default.py">
		<provides>video</provides>
	</extension>
	<extension point="xbmc.addon.metadata">
		<summary lang="en">Movies and TV Shows on [COLOR blue]Numbers[/COLOR]</summary>
		<description lang="en">Please remember that Numbers is not an official part of the Kodi media player you are running, and therefore is not to be mentioned within official support channels of Kodi, this addon has nothing to do with the media player itself, nor it’s intended use, it is simply a third party plugin which has been added to your system.</description>
		<disclaimer lang="en">The author does not host or distribute any of the content displayed by this addon. The author does not have any affiliation with the content provider.</disclaimer>
		<platform>all</platform>
		<forum></forum>
		<website></website>
		<source></source>
		<assets>
			<icon>icon.png</icon>
			<fanart>fanart.jpg</fanart>
		</assets>
		<news>
V1.1.36
-Updated Artwork		
V1.1.35
-Added Horror icon
-Tweaked Scrapers
V1.1.34
- Added NineMovies Scrapper
V1.1.33
- Fixed download in settings
- Fixed tv show networks
V1.1.32
- Initial release
        </news>
	</extension>
</addon>
