<?xml version="1.0" encoding="UTF-8" standalone="yes"?>
<addon id="plugin.video.comicvine"
       name="Comic Vine"
       version="2.1.1"
       provider-name="Whiskey Media">
  <requires>
    <import addon="xbmc.python" version="2.1.0"/>
    <import addon="script.module.simplejson" version="2.0.10"/>
  </requires>
  <extension point="xbmc.python.pluginsource"
            library="default.py">
        <provides>video</provides>
  </extension>
  <extension point="xbmc.addon.metadata">
    <platform>all</platform>
    <summary>Comic Vine video plugin</summary>
    <description>Comic Vine is the world's largest comic book website. Watch hundreds of original videos and interviews with comic creators and artists.</description>
    <source>https://github.com/WhiskeyMedia/xbmc</source>
  </extension>
</addon>
