﻿<?xml version="1.0" encoding="UTF-8" standalone="yes"?>
<addon id="plugin.video.scythe" name="[B][COLOR darkorange]SCYTHE[/COLOR][/B]" version="2.2" provider-name="[B][COLOR darkorange]SANDMAN[/COLOR][/B]">
    <requires>
        <import addon="xbmc.python" version="2.19.0" />
        <import addon="script.module.universalscrapers" version="1.0.0" />
        <import addon="script.module.python.koding.aio" version="0.9.6.6" />
        <import addon="script.module.beautifulsoup" version="3.2.1" />
        <import addon="script.module.requests" version="2.9.1" />
        <import addon="script.module.addon.common" version="2.0.0" />
        <import addon="script.module.xmltodict" version="0.9.0" />
        <import addon="script.module.dateutil" />
        <import addon="plugin.video.SportsDevil" version="2018.06.23" />
        <import addon="plugin.video.youtube" version="6.1.4" />
        <!--<import addon="script.module.web-pdb" version="1.0"/>-->
        <import addon="script.module.resolveurl" />
        <!--<import addon="script.module.urlresolver" />-->
    </requires>
    <extension point="xbmc.python.pluginsource" library="default.py">
        <provides>audio video</provides>
    </extension>
    <extension point="xbmc.service" library="service.py" start="[login|startup]" />
    <extension point="xbmc.addon.metadata">
        <summary lang="en">[COLOR darkorange]GROWING AIO ADDON! SHOUT OUT TO MAYHEM(BBB) FOR DOING THE ARTWORK![/COLOR]</summary>
        <description lang="en"></description>
        <disclaimer lang="en"></disclaimer>
        <platform>all</platform>
        <reuselanguageinvoker>false</reuselanguageinvoker>
    </extension>
</addon>
